{"cameraMode":{"drawMode":0,"name":"Shaded","section":"Shading Mode"},"sceneLighting":false,"audioPlay":false,"sceneViewState":{"m_AlwaysRefresh":false,"showFog":true,"showSkybox":false,"showFlares":true,"showImageEffects":true,"showParticleSystems":true,"showVisualEffectGraphs":true,"m_FxEnabled":true},"in2DMode":false,"pivot":{"x":-5.325935363769531,"y":-0.46061208844184878,"z":3.5430798530578615},"rotation":{"x":0.0641791895031929,"y":-0.5653937458992004,"z":0.044189535081386569,"w":0.8211377263069153},"size":5.635773181915283,"orthographic":false}